Workbook

Sheet Ward Data
A1: Pune ward heat dataset — ILLUSTRATIVE SAMPLE VALUES (not measured)
A2: Blue = input values entered by hand as placeholders. Black = formulas. Replace blue cells with outputs from your satellite/census pipeline (see 'Data Sources' sheet).
A4: # | B4: Ward office (PMC) | C4: Population (thousand) | D4: Avg surface temp LST (°C) | E4: Tree canopy (%) | F4: Density (thousand/km²) | G4: Vulnerability index (0-100) | H4: Heat component (0-1) | I4: Canopy deficit (0-1) | J4: Vulnerability component (0-1) | K4: Heat Equity Index (0-100) | L4: Priority category | M4: Rank | N4: Key localities
A5: 1 | B5: Aundh-Baner | C5: 420 | D5: 38.2 | E5: 21 | F5: 9.8 | G5: 38 | H5: =MIN(1,MAX(0,(D5-Weights!$B$7)/Weights!$B$8)) -> 0.2 | I5: =MIN(1,MAX(0,1-E5/Weights!$B$9)) -> 0.16 | J5: =MIN(1,MAX(0,G5/100)) -> 0.38 | K5: =ROUND(100*(Weights!$B$4*H5+Weights!$B$5*I5+Weights!$B$6*J5),0) -> 24 | L5: =IF(K5>=Weights!$B$10,"Critical",IF(K5>=Weights!$B$11,"High",IF(K5>=Weights!$B$12,"Moderate","Lower"))) -> Lower | M5: =RANK(K5,$K$5:$K$19,0) -> 13 | N5: Aundh, Baner, Balewadi, Pashan, Sus
A6: 2 | B6: Shivajinagar-Ghole Road | C6: 360 | D6: 39.6 | E6: 17 | F6: 14.2 | G6: 44 | H6: =MIN(1,MAX(0,(D6-Weights!$B$7)/Weights!$B$8)) -> 0.43333333 | I6: =MIN(1,MAX(0,1-E6/Weights!$B$9)) -> 0.32 | J6: =MIN(1,MAX(0,G6/100)) -> 0.44 | K6: =ROUND(100*(Weights!$B$4*H6+Weights!$B$5*I6+Weights!$B$6*J6),0) -> 41 | L6: =IF(K6>=Weights!$B$10,"Critical",IF(K6>=Weights!$B$11,"High",IF(K6>=Weights!$B$12,"Moderate","Lower"))) -> Moderate | M6: =RANK(K6,$K$5:$K$19,0) -> 11 | N6: Shivajinagar, Deccan Gymkhana, FC Road, Model Colony, Bhamburda
A7: 3 | B7: Dhole Patil Road | C7: 340 | D7: 40.1 | E7: 15 | F7: 13.5 | G7: 47 | H7: =MIN(1,MAX(0,(D7-Weights!$B$7)/Weights!$B$8)) -> 0.51666667 | I7: =MIN(1,MAX(0,1-E7/Weights!$B$9)) -> 0.4 | J7: =MIN(1,MAX(0,G7/100)) -> 0.47 | K7: =ROUND(100*(Weights!$B$4*H7+Weights!$B$5*I7+Weights!$B$6*J7),0) -> 47 | L7: =IF(K7>=Weights!$B$10,"Critical",IF(K7>=Weights!$B$11,"High",IF(K7>=Weights!$B$12,"Moderate","Lower"))) -> Moderate | M7: =RANK(K7,$K$5:$K$19,0) -> 10 | N7: Pune Station, Koregaon Park, Bund Garden, Sangamwadi
A8: 4 | B8: Yerawada-Kalas-Dhanori | C8: 480 | D8: 41.4 | E8: 9 | F8: 16.8 | G8: 71 | H8: =MIN(1,MAX(0,(D8-Weights!$B$7)/Weights!$B$8)) -> 0.73333333 | I8: =MIN(1,MAX(0,1-E8/Weights!$B$9)) -> 0.64 | J8: =MIN(1,MAX(0,G8/100)) -> 0.71 | K8: =ROUND(100*(Weights!$B$4*H8+Weights!$B$5*I8+Weights!$B$6*J8),0) -> 70 | L8: =IF(K8>=Weights!$B$10,"Critical",IF(K8>=Weights!$B$11,"High",IF(K8>=Weights!$B$12,"Moderate","Lower"))) -> Critical | M8: =RANK(K8,$K$5:$K$19,0) -> 4 | N8: Yerawada, Kalas, Dhanori, Vishrantwadi, Lohegaon
A9: 5 | B9: Nagar Road-Wadgaon Sheri | C9: 520 | D9: 40.3 | E9: 14 | F9: 12.1 | G9: 52 | H9: =MIN(1,MAX(0,(D9-Weights!$B$7)/Weights!$B$8)) -> 0.55 | I9: =MIN(1,MAX(0,1-E9/Weights!$B$9)) -> 0.44 | J9: =MIN(1,MAX(0,G9/100)) -> 0.52 | K9: =ROUND(100*(Weights!$B$4*H9+Weights!$B$5*I9+Weights!$B$6*J9),0) -> 51 | L9: =IF(K9>=Weights!$B$10,"Critical",IF(K9>=Weights!$B$11,"High",IF(K9>=Weights!$B$12,"Moderate","Lower"))) -> Moderate | M9: =RANK(K9,$K$5:$K$19,0) -> 9 | N9: Viman Nagar, Kalyani Nagar, Wadgaon Sheri, Kharadi, Tingre Nagar
A10: 6 | B10: Kothrud-Bavdhan | C10: 450 | D10: 37.6 | E10: 24 | F10: 10.3 | G10: 33 | H10: =MIN(1,MAX(0,(D10-Weights!$B$7)/Weights!$B$8)) -> 0.1 | I10: =MIN(1,MAX(0,1-E10/Weights!$B$9)) -> 0.04 | J10: =MIN(1,MAX(0,G10/100)) -> 0.33 | K10: =ROUND(100*(Weights!$B$4*H10+Weights!$B$5*I10+Weights!$B$6*J10),0) -> 15 | L10: =IF(K10>=Weights!$B$10,"Critical",IF(K10>=Weights!$B$11,"High",IF(K10>=Weights!$B$12,"Moderate","Lower"))) -> Lower | M10: =RANK(K10,$K$5:$K$19,0) -> 15 | N10: Kothrud, Bavdhan, Erandwane, Paud Road, Mayur Colony
A11: 7 | B11: Kasba-Vishrambaug Wada | C11: 280 | D11: 42.3 | E11: 6 | F11: 27.5 | G11: 74 | H11: =MIN(1,MAX(0,(D11-Weights!$B$7)/Weights!$B$8)) -> 0.88333333 | I11: =MIN(1,MAX(0,1-E11/Weights!$B$9)) -> 0.76 | J11: =MIN(1,MAX(0,G11/100)) -> 0.74 | K11: =ROUND(100*(Weights!$B$4*H11+Weights!$B$5*I11+Weights!$B$6*J11),0) -> 81 | L11: =IF(K11>=Weights!$B$10,"Critical",IF(K11>=Weights!$B$11,"High",IF(K11>=Weights!$B$12,"Moderate","Lower"))) -> Critical | M11: =RANK(K11,$K$5:$K$19,0) -> 2 | N11: Kasba Peth, Shaniwar Wada, Vishrambaug Wada, Budhwar Peth, Raviwar Peth
A12: 8 | B12: Bhavani Peth | C12: 310 | D12: 42.9 | E12: 5 | F12: 29.1 | G12: 82 | H12: =MIN(1,MAX(0,(D12-Weights!$B$7)/Weights!$B$8)) -> 0.98333333 | I12: =MIN(1,MAX(0,1-E12/Weights!$B$9)) -> 0.8 | J12: =MIN(1,MAX(0,G12/100)) -> 0.82 | K12: =ROUND(100*(Weights!$B$4*H12+Weights!$B$5*I12+Weights!$B$6*J12),0) -> 89 | L12: =IF(K12>=Weights!$B$10,"Critical",IF(K12>=Weights!$B$11,"High",IF(K12>=Weights!$B$12,"Moderate","Lower"))) -> Critical | M12: =RANK(K12,$K$5:$K$19,0) -> 1 | N12: Bhavani Peth, Ganj Peth, Nana Peth, Ghorpade Peth, Kasewadi
A13: 9 | B13: Wanowrie-Ramtekdi | C13: 400 | D13: 41 | E13: 11 | F13: 15.4 | G13: 66 | H13: =MIN(1,MAX(0,(D13-Weights!$B$7)/Weights!$B$8)) -> 0.66666667 | I13: =MIN(1,MAX(0,1-E13/Weights!$B$9)) -> 0.56 | J13: =MIN(1,MAX(0,G13/100)) -> 0.66 | K13: =ROUND(100*(Weights!$B$4*H13+Weights!$B$5*I13+Weights!$B$6*J13),0) -> 64 | L13: =IF(K13>=Weights!$B$10,"Critical",IF(K13>=Weights!$B$11,"High",IF(K13>=Weights!$B$12,"Moderate","Lower"))) -> High | M13: =RANK(K13,$K$5:$K$19,0) -> 5 | N13: Wanowrie, Ramtekdi, Fatima Nagar, Salunke Vihar
A14: 10 | B14: Hadapsar-Mundhwa | C14: 560 | D14: 41.8 | E14: 10 | F14: 14.9 | G14: 69 | H14: =MIN(1,MAX(0,(D14-Weights!$B$7)/Weights!$B$8)) -> 0.8 | I14: =MIN(1,MAX(0,1-E14/Weights!$B$9)) -> 0.6 | J14: =MIN(1,MAX(0,G14/100)) -> 0.69 | K14: =ROUND(100*(Weights!$B$4*H14+Weights!$B$5*I14+Weights!$B$6*J14),0) -> 72 | L14: =IF(K14>=Weights!$B$10,"Critical",IF(K14>=Weights!$B$11,"High",IF(K14>=Weights!$B$12,"Moderate","Lower"))) -> Critical | M14: =RANK(K14,$K$5:$K$19,0) -> 3 | N14: Hadapsar, Mundhwa, Magarpatta, Manjri, Fursungi
A15: 11 | B15: Warje-Karvenagar | C15: 410 | D15: 38 | E15: 22 | F15: 9.6 | G15: 40 | H15: =MIN(1,MAX(0,(D15-Weights!$B$7)/Weights!$B$8)) -> 0.16666667 | I15: =MIN(1,MAX(0,1-E15/Weights!$B$9)) -> 0.12 | J15: =MIN(1,MAX(0,G15/100)) -> 0.4 | K15: =ROUND(100*(Weights!$B$4*H15+Weights!$B$5*I15+Weights!$B$6*J15),0) -> 22 | L15: =IF(K15>=Weights!$B$10,"Critical",IF(K15>=Weights!$B$11,"High",IF(K15>=Weights!$B$12,"Moderate","Lower"))) -> Lower | M15: =RANK(K15,$K$5:$K$19,0) -> 14 | N15: Warje, Karve Nagar, Ram Nagar, Malwadi, Shivane
A16: 12 | B16: Sinhagad Road | C16: 440 | D16: 39 | E16: 19 | F16: 11.7 | G16: 46 | H16: =MIN(1,MAX(0,(D16-Weights!$B$7)/Weights!$B$8)) -> 0.33333333 | I16: =MIN(1,MAX(0,1-E16/Weights!$B$9)) -> 0.24 | J16: =MIN(1,MAX(0,G16/100)) -> 0.46 | K16: =ROUND(100*(Weights!$B$4*H16+Weights!$B$5*I16+Weights!$B$6*J16),0) -> 35 | L16: =IF(K16>=Weights!$B$10,"Critical",IF(K16>=Weights!$B$11,"High",IF(K16>=Weights!$B$12,"Moderate","Lower"))) -> Lower | M16: =RANK(K16,$K$5:$K$19,0) -> 12 | N16: Sinhagad Road, Dhayari, Vadgaon Budruk, Nanded City, Hingne
... A19: 15 | B19: Kondhwa-Yewalwadi | C19: 470 | D19: 40.9 | E19: 12 | F19: 13.6 | G19: 68 | H19: =MIN(1,MAX(0,(D19-Weights!$B$7)/Weights!$B$8)) -> 0.65 | I19: =MIN(1,MAX(0,1-E19/Weights!$B$9)) -> 0.52 | J19: =MIN(1,MAX(0,G19/100)) -> 0.68 | K19: =ROUND(100*(Weights!$B$4*H19+Weights!$B$5*I19+Weights!$B$6*J19),0) -> 63 | L19: =IF(K19>=Weights!$B$10,"Critical",IF(K19>=Weights!$B$11,"High",IF(K19>=Weights!$B$12,"Moderate","Lower"))) -> High | M19: =RANK(K19,$K$5:$K$19,0) -> 7 | N19: Kondhwa, Yewalwadi, NIBM Road, Undri, Mohammadwadi
B21: City total / population-weighted average | C21: =SUM(C5:C19) -> 6170 | D21: =SUMPRODUCT(D5:D19,C5:C19)/C21 -> 40.268558 | E21: =SUMPRODUCT(E5:E19,C5:C19)/C21 -> 14.145867 | G21: =SUMPRODUCT(G5:G19,C5:C19)/C21 -> 56.405186 | K21: =SUMPRODUCT(K5:K19,C5:C19)/C21 -> 52.265802
B22: Hottest–coolest ward gap (°C) | D22: =MAX(D5:D19)-MIN(D5:D19) -> 5.3
B23: Share of residents in High/Critical wards | D23: =(SUMIF(L5:L19,"Critical",C5:C19)+SUMIF(L5:L19,"High",C5:C19))/C21 -> 0.52350081
B25: Note: Population is approximate and rounded; all other columns are placeholders chosen to show a plausible pattern (dense old-city wards hotter, western/hill-side wards cooler). They are NOT satellite- or census-derived.

Sheet Weights
A1: HEI model parameters (edit blue cells)
A3: Parameter | B3: Value | C3: Meaning
A4: Weight: surface temperature | B4: 0.45 | C4: Share of HEI from heat
A5: Weight: canopy deficit | B5: 0.25 | C5: Share of HEI from missing tree cover
A6: Weight: vulnerability | B6: 0.3 | C6: Share of HEI from social vulnerability
A7: LST baseline (°C) | B7: 37 | C7: Temperature mapped to 0
A8: LST range (°C) | B8: 6 | C8: Baseline+range mapped to 1 (i.e. 43°C)
A9: Canopy reference (%) | B9: 25 | C9: Canopy at/above this = no deficit
A10: Critical threshold (HEI ≥) | B10: 70 | C10: Category cut-off
A11: High threshold (HEI ≥) | B11: 55 | C11: Category cut-off
A12: Moderate threshold (HEI ≥) | B12: 40 | C12: Category cut-off
A14: Weights must sum to 1: | B14: =SUM(B4:B6) -> 1
A16: Weights and thresholds are design choices by the project team, not published standards. Tune and justify them in your report.

Sheet Data Sources
A1: Column | B1: Current status | C1: Where to get the real value
A2: Population / density | B2: Placeholder (approximate) | C2: Census of India 2011 ward-level tables or PMC ward population data; divide by ward area (from PMC ward GeoJSON) for density
A3: Surface temp LST (°C) | B3: Placeholder | C3: Landsat 8/9 Collection 2 Level-2 thermal band (ST_B10), or MODIS/ECOSTRESS; take summer cloud-free mean per ward via zonal statistics (Google Earth Engine / rasterio)
A4: Tree canopy (%) | B4: Placeholder | C4: Sentinel-2 NDVI/classification or high-res imagery segmented with OpenCV / a CNN; % of ward pixels classed as tree
A5: Vulnerability index | B5: Placeholder | C5: Composite of % children <5, % elderly 65+, % slum population, income/poverty proxy and access to cooling/health; normalise 0-100
A6: Ward boundaries | B6: Not used (map is stylised) | C6: PMC/Open city data portal GeoJSON for the 15 ward offices or 41 prabhags
